emeleblossom36@gmail.com  ,,
estevezapsluisjgb@outlook.com  ,,
estevezbxkellykm@outlook.com  ,,
estevezdzbmariceleto@outlook.com  ,,
estevezebjandresuid@outlook.com  ,,
estevezekifranciscoqku@outlook.com  ,,
estevezendsandratob@outlook.com  ,,
estevezffyalantq@outlook.com  ,,
estevezfkcarolinaam@outlook.com  ,,
estevezgvcamilocc@outlook.com  ,,
estevezhbjosebai@outlook.com  ,,
estevezhpgalanopx@outlook.com  ,,
estevezhvmaricelttr@outlook.com  ,,
estevezidandresgny@outlook.com  ,,
estevezjdluisrn@outlook.com  ,,
estevezjusonians@outlook.com  ,,
estevezjzrenriqueuc@outlook.com  ,,
estevezlmidavidtdv@outlook.com  ,,
estevezlmsandrahy@outlook.com  ,,
estevezlpantoniobhz@outlook.com  ,,
estevezmdqastridij@outlook.com  ,,
estevezmzastridxx@outlook.com  ,,
esteveznlaliciaudk@outlook.com  ,,
estevezojikatherinyk@outlook.com  ,,
estevezpbhastridxqh@outlook.com  ,,
estevezppantonioamu@outlook.com  ,,
estevezpvmariaaxd@outlook.com  ,,
estevezpyalanzx@outlook.com  ,,
estevezqsscarolinahd@outlook.com  ,,
estevezrxqjacquelinexos@outlook.com  ,,
estevezujdflorenciayt@outlook.com  ,,
estevezusluisfn@outlook.com  ,,
estevezvudavidsbr@outlook.com  ,,
estevezwbkatiarf@outlook.com  ,,
estevezwmriosyj@outlook.com  ,,
estevezxcbflorenciagm@outlook.com  ,,
estevezxuriospwx@outlook.com  ,,
estevezyvmoralesuh@outlook.com  ,,
estevezzgdriosizp@outlook.com  ,,
ezevincentrichard@gmail.com  ,,
francescubili@gmail.com   ,,
gabalanavandresski@outlook.com  ,,
gabalanbfocamiloih@outlook.com  ,,
gabalanbzkatherinjr@outlook.com  ,,
gabalancbqantonioocm@outlook.com  ,,
gabalancnmmurielvaw@outlook.com  ,,
gabalancoacamilobyg@outlook.com  ,,
gabalandjyaliciaze@outlook.com  ,,
gabalandmmariabey@outlook.com  ,,
gabalanemhsandralf@outlook.com  ,,
gabalanetaastridkiu@outlook.com  ,,
gabalanfdgluisbcu@outlook.com  ,,
gabalangbmariceltmg@outlook.com  ,,
gabalangimaricelnih@outlook.com  ,,
gabalangsriosjv@outlook.com  ,,
gabalanguxcamilofkk@outlook.com  ,,
gabalanjbkricardompt@outlook.com  ,,
gabalanjhmaricelkrv@outlook.com  ,,
gabalankysandravyv@outlook.com  ,,
gabalanlivlillool@outlook.com  ,,
gabalanoxsantoniomn@outlook.com  ,,
gabalanpjjacquelinega@outlook.com  ,,
gabalanrjmanuelehd@outlook.com  ,,
gabalansfdavidzen@outlook.com  ,,
gabalansmafranciscovje@outlook.com  ,,
gabalanunluisoap@outlook.com  ,,
gabalanvammariceljms@outlook.com  ,,
gabalanvmoalanmoa@outlook.com  ,,
gabalanvolillodo@outlook.com  ,,
gabalanvwycamilolm@outlook.com  ,,
gabalanwomariaesf@outlook.com  ,,
gabalanwzkmariadbf@outlook.com  ,,
gabalanxbpmoralesho@outlook.com  ,,
gabalanxjxluisqw@outlook.com  ,,
gabalanxlnkatiajd@outlook.com  ,,
gabalanxrricardogv@outlook.com  ,,
gallegosnashleyxu@outlook.com  ,,
galvinflavernpe@outlook.com  ,,
garridoazkellyigp@outlook.com  ,,
garridobfeenriqueei@outlook.com  ,,
garridobnmanuelcq@outlook.com  ,,
garridobwkmariavp@outlook.com  ,,
garridocrluisqb@outlook.com  ,,
garridodvricardokr@outlook.com  ,,
garridoelantoniojhx@outlook.com  ,,
garridoesericardowq@outlook.com  ,,
garridoevmaricelvwp@outlook.com  ,,
garridofocmariceleo@outlook.com  ,,
garridogldamarisvjx@outlook.com  ,,
garridogwflorenciahar@outlook.com  ,,
garridogyaliciawx@outlook.com  ,,
garridogytastridwsf@outlook.com  ,,
garridohcalantwz@outlook.com  ,,
garridohvcamiloti@outlook.com  ,,
garridoidbfranciscova@outlook.com  ,,
garridoikalanxyz@outlook.com  ,,
garridoiwandresmz@outlook.com  ,,
garridokxaenriquews@outlook.com  ,,
garridolvcamilodze@outlook.com  ,,
garridomcsoniarh@outlook.com  ,,
garridomnrfranciscoxh@outlook.com  ,,
garridonisenriqueyj@outlook.com  ,,
garridonplillosa@outlook.com  ,,
garridonyfranciscozr@outlook.com  ,,
garridoogwlillodw@outlook.com  ,,
garridooppaliciapv@outlook.com  ,,
garridopycamilozi@outlook.com  ,,
garridoqisoniayl@outlook.com  ,,
garridoqkkluisuiu@outlook.com  ,,
garridoqmjacquelineean@outlook.com  ,,
garridoshykellyysa@outlook.com  ,,
garridouxmanuelohn@outlook.com  ,,
garridovrluiscg@outlook.com  ,,
garridowaenriquesc@outlook.com  ,,
garridownxluisly@outlook.com  ,,
garridoxhmriosxi@outlook.com  ,,
garridoynwandresjw@outlook.com  ,,
garridoywldamarislog@outlook.com  ,,
garridoyyvdavidxi@outlook.com  ,,
guillenaaalanzok@outlook.com  ,,
guillenbdhricardoafk@outlook.com  ,,
guillenckialankoa@outlook.com  ,,
guillencvluisolq@outlook.com  ,,
guillencxalanmw@outlook.com  ,,
guilleneflcarolinaoyc@outlook.com  ,,
guillenehxkellyobi@outlook.com  ,,
guilleneqaliciathv@outlook.com  ,,
guillenfbmastridgf@outlook.com  ,,
guillenfdantoniopn@outlook.com  ,,
guillengqbaliciasav@outlook.com  ,,
guillenhpkatherindxf@outlook.com  ,,
guillenijjmoralesvl@outlook.com  ,,
guillenmrxfranciscoher@outlook.com  ,,
guillenmymurieljw@outlook.com  ,,
guillenommoralesaht@outlook.com  ,,
guillenpudavidat@outlook.com  ,,
guillenpynricardoic@outlook.com  ,,
guillenremarianoe@outlook.com  ,,
guillensojoseavr@outlook.com  ,,
guillentcxkatiaddv@outlook.com  ,,
guillentibantonioswc@outlook.com  ,,
guillenulfranciscozki@outlook.com  ,,
guillenungkatiajd@outlook.com  ,,
guillenuprflorenciaka@outlook.com  ,,
guillenuxsandraip@outlook.com  ,,
guillenvpkriosck@outlook.com  ,,
guillenvxomanuelbd@outlook.com  ,,
guillenwcnflorenciaqz@outlook.com  ,,
guillenwjfmariceljvc@outlook.com  ,,
guillenwqfranciscopz@outlook.com  ,,
guillenwvfalanho@outlook.com  ,,
guillenxailillopt@outlook.com  ,,
guillenxevriossl@outlook.com  ,,
guillenyicamilokiz@outlook.com  ,,
guillenyriandresst@outlook.com  ,,
guillenyywastridzzh@outlook.com  ,,
guillenyzasandradl@outlook.com  ,,
guillenzjjosewsc@outlook.com  ,,
guillenzzmlillokkt@outlook.com  ,,
ifechuksia@gmail.com  ,,
ijemdinma59@gmail.com  ,,
ikiseatabang2017@gmail.com  ,,
lopezbmkatherincxq@outlook.com  ,,
lopezccdavidfkq@outlook.com  ,,
lopezclpriosps@outlook.com  ,,
lopezdbrandreslzc@outlook.com  ,,
lopezddenriquexp@outlook.com  ,,
lopezdhflorenciayrr@outlook.com  ,,
lopezecmaliciawxq@outlook.com  ,,
lopezemjacquelinedfs@outlook.com  ,,
lopezetdamarisdm@outlook.com  ,,
lopezfxmurielym@outlook.com  ,,
lopezfxsandraxoc@outlook.com  ,,
lopezgetenriqueykz@outlook.com  ,,
lopezgimanuelab@outlook.com  ,,
lopezgofjacquelinepeb@outlook.com  ,,
lopezgxcarolinagj@outlook.com  ,,
lopezhmriosch@outlook.com  ,,
lopezhqricardolq@outlook.com  ,,
lopezjwbastriduf@outlook.com  ,,
lopezkczluiscsi@outlook.com  ,,
lopezkknastridyv@outlook.com  ,,
lopezktaliciazad@outlook.com  ,,
lopezkyalansd@outlook.com  ,,
lopezlnandresnzu@outlook.com  ,,
lopezmldamarisvd@outlook.com  ,,
lopezniesandrapmt@outlook.com  ,,
lopezozgandresout@outlook.com  ,,
lopezpldandresoxz@outlook.com  ,,
lopezstmanuelpxt@outlook.com  ,,
lopezswyflorenciancq@outlook.com  ,,
lopezsykatiasp@outlook.com  ,,
lopeztzsandrawn@outlook.com  ,,
lopezumxalanarq@outlook.com  ,,
lopezvmlluiszk@outlook.com  ,,
lopezvtantoniopj@outlook.com  ,,
lopezwabastridog@outlook.com  ,,
lopezwuenriquedyb@outlook.com  ,,
lopezwumariazsq@outlook.com  ,,
lopezxbkdavidelq@outlook.com  ,,
lopezxgnsoniaic@outlook.com  ,,
lopezxzluistg@outlook.com  ,,
lopezyicamilobcy@outlook.com  ,,
lopezyskatherinca@outlook.com  ,,
magezimihigo@gmail.com  ,,
mamaneabdu@gmail.com  ,,
mascaraqueagenriqueaif@outlook.com  ,,
mascaraqueaneastridlb@outlook.com  ,,
mascaraquebsbfranciscoyho@outlook.com  ,,
mascaraquecbluisjj@outlook.com  ,,
mascaraqueccflillomhs@outlook.com  ,,
mascaraquecsmoraleskg@outlook.com  ,,
mascaraquedfdlillond@outlook.com  ,,
mascaraquedfenriquetp@outlook.com  ,,
mascaraqueejnfranciscoley@outlook.com  ,,
mascaraqueekdamariskbl@outlook.com  ,,
mascaraqueelkatiayrr@outlook.com  ,,
mascaraquefxkatiabyv@outlook.com  ,,
mascaraquegzlantoniozrj@outlook.com  ,,
mascaraquehuxmariaclv@outlook.com  ,,
mascaraqueiqrmanuelkpm@outlook.com  ,,
mascaraquejqpsandraatt@outlook.com  ,,
mascaraquejririosnvq@outlook.com  ,,
mascaraquekvantoniohb@outlook.com  ,,
mascaraquekwgjoseor@outlook.com  ,,
mascaraquelgtalanok@outlook.com  ,,
mascaraquememaricelfbz@outlook.com  ,,
mascaraquenvcamilohcc@outlook.com  ,,
mascaraqueoodamarisado@outlook.com  ,,
mascaraquepjaandresgu@outlook.com  ,,
mascaraquepsricardoac@outlook.com  ,,
mascaraquepxdantoniooa@outlook.com  ,,
mascaraqueqoflorenciakd@outlook.com  ,,
mascaraqueqrlillozch@outlook.com  ,,
mascaraquerddamaristya@outlook.com  ,,
mascaraquesnaliciapu@outlook.com  ,,
mascaraquesnlillogq@outlook.com  ,,
mascaraquetlluisksw@outlook.com  ,,
mascaraquetzcamilotg@outlook.com  ,,
mascaraquetzrcamilolq@outlook.com  ,,
mascaraqueutlilloze@outlook.com  ,,
mascaraquexaenriquebd@outlook.com  ,,
mascaraquexdymoralestmp@outlook.com  ,,
mascaraquexlamoraleszkv@outlook.com  ,,
mascaraquexwjandresdu@outlook.com  ,,
mascaraquexxcarolinazd@outlook.com  ,,
mascaraqueyumanuelhaq@outlook.com  ,,
mcclendonokileyn@outlook.com  ,,
medinaaebmariarqr@outlook.com  ,,
medinaarcarolinaee@outlook.com  ,,
medinaarzcamilokh@outlook.com  ,,
medinabrvdamariswdv@outlook.com  ,,
medinabzhflorenciadgg@outlook.com  ,,
medinabzysandraok@outlook.com  ,,
medinacbdcamilovl@outlook.com  ,,
medinacporiosdc@outlook.com  ,,
medinafaastridbe@outlook.com  ,,
medinafbqlillouh@outlook.com  ,,
medinagtandresvc@outlook.com  ,,
medinagtoastridyq@outlook.com  ,,
medinagxmoralesshx@outlook.com  ,,
medinahayflorenciazsi@outlook.com  ,,
medinaiddavidrkj@outlook.com  ,,
medinaiumurielsiv@outlook.com  ,,
medinaiykatiafgf@outlook.com  ,,
medinajadamarisgba@outlook.com  ,,
medinajjkatiamoc@outlook.com  ,,
medinakezantonioly@outlook.com  ,,
medinakmesoniatw@outlook.com  ,,
medinalkjacquelinenf@outlook.com  ,,
medinalmenriquemwb@outlook.com  ,,
medinalvkellyxvf@outlook.com  ,,
medinamocarolinaps@outlook.com  ,,
medinangnkatherinic@outlook.com  ,,
medinanihmaricelcur@outlook.com  ,,
medinannglillovij@outlook.com  ,,
medinansjacquelinexmu@outlook.com  ,,
medinaoijosecp@outlook.com  ,,
medinaolxmoralesfa@outlook.com  ,,
medinapikatiaufg@outlook.com  ,,
medinaqmastridqkm@outlook.com  ,,
medinassalanzgg@outlook.com  ,,
medinastmariceljrx@outlook.com  ,,
medinathhantoniojbc@outlook.com  ,,
medinatzcarolinaezm@outlook.com  ,,
medinavavastridkui@outlook.com  ,,
medinawqzmaricelpwm@outlook.com  ,,
medinaxumoralesogf@outlook.com  ,,
medinayuhmurielsst@outlook.com  ,,
medinazesoniahgp@outlook.com  ,,
medinaztkatherincc@outlook.com  ,,
mejjytolla@gmail.com  ,,
miraabiantoniokfl@outlook.com  ,,
miraapkatiaxw@outlook.com  ,,
mirabdgandresyec@outlook.com  ,,
mirabxemaricelgm@outlook.com  ,,
miraccgfranciscoxo@outlook.com  ,,
miracwalanizz@outlook.com  ,,
miraehfmariakq@outlook.com  ,,
mirafwaliciara@outlook.com  ,,
mirahaqastridfsk@outlook.com  ,,
mirahxricardoot@outlook.com  ,,
mirainxenriqueofc@outlook.com  ,,
miraiulalicialq@outlook.com  ,,
mirajpomariahl@outlook.com  ,,
mirakcluiscq@outlook.com  ,,
miraknqsandrals@outlook.com  ,,
miralilillolns@outlook.com  ,,
miralrbdamarisbh@outlook.com  ,,
miralukellyaon@outlook.com  ,,
miranacfranciscojl@outlook.com  ,,
miranjdmariavrg@outlook.com  ,,
mirapbmaricelza@outlook.com  ,,
miraqbhmoralesxp@outlook.com  ,,
miraqoiandresck@outlook.com  ,,
miraqsoastridygu@outlook.com  ,,
miraqwmkatiaqf@outlook.com  ,,
miraqytandrescj@outlook.com  ,,
mirasajacquelineyz@outlook.com  ,,
mirasicamiloohe@outlook.com  ,,
miratmhkellytg@outlook.com  ,,
mirauhpdavidwxz@outlook.com  ,,
miravjicarolinakz@outlook.com  ,,
mirawaxmaricelocy@outlook.com  ,,
miraxfsandraovb@outlook.com  ,,
miraxualantyi@outlook.com  ,,
miraxydamariswu@outlook.com  ,,
mirazkzmaricelzqr@outlook.com  ,,
mirazpandresas@outlook.com  ,,
mirazywdavidcf@outlook.com  ,,
mirazzrflorenciaji@outlook.com  ,,
mundoamtjacquelinefec@outlook.com  ,,
mundobegastridpxh@outlook.com  ,,
mundobfenriquebis@outlook.com  ,,
mundodmsoniacoe@outlook.com  ,,
mundofgkatiaol@outlook.com  ,,
mundofypsandrazu@outlook.com  ,,
mundogevsandrayn@outlook.com  ,,
mundogfkellyco@outlook.com  ,,
mundoggkatherinzw@outlook.com  ,,
mundohfmsoniatw@outlook.com  ,,
mundoigsandraqp@outlook.com  ,,
mundoijlricardoib@outlook.com  ,,
mundoiyriosno@outlook.com  ,,
mundojpfcamilohi@outlook.com  ,,
mundojprricardoqxh@outlook.com  ,,
mundoklijosebf@outlook.com  ,,
mundoktjosecx@outlook.com  ,,
mundolkfkatherinso@outlook.com  ,,
mundomancarolinasol@outlook.com  ,,
mundomlsandramz@outlook.com  ,,
mundonemsandraajj@outlook.com  ,,
mundontzjacquelinele@outlook.com  ,,
mundooeandreswcl@outlook.com  ,,
mundoohgenriqueuc@outlook.com  ,,
mundootlmariawc@outlook.com  ,,
mundoqidamarisqk@outlook.com  ,,
mundoqyjacquelinessx@outlook.com  ,,
mundorycluisbpv@outlook.com  ,,
mundovbwmaricelgwf@outlook.com  ,,
mundovtluiszre@outlook.com  ,,
mundovytkellyyfl@outlook.com  ,,
mundoxeckellyrv@outlook.com  ,,
mundozaricardoxn@outlook.com  ,,
mundozjandresbe@outlook.com  ,,
mundozpgkatiacpg@outlook.com  ,,
murilloanjoseget@outlook.com  ,,
murillobcdenriquedg@outlook.com  ,,
murillobfdamarisqp@outlook.com  ,,
murillobhxenriqueots@outlook.com  ,,
murillocdnenriquewg@outlook.com  ,,
murillocpvdamarisbi@outlook.com  ,,
murillodwflorenciaimi@outlook.com  ,,
murilloevsoniayj@outlook.com  ,,
murillogbefranciscofg@outlook.com  ,,
murillogobkellyjg@outlook.com  ,,
murillohgvflorenciagry@outlook.com  ,,
murillohhnaliciaae@outlook.com  ,,
murillojckellyach@outlook.com  ,,
murillojgmanuelakv@outlook.com  ,,
murillojwkmariaczq@outlook.com  ,,
murillokbjacquelinezd@outlook.com  ,,
murillolnsoniati@outlook.com  ,,
murillomfmurielavy@outlook.com  ,,
murillommzmurielur@outlook.com  ,,
murillomvsandranym@outlook.com  ,,
murilloomluisib@outlook.com  ,,
murillopoacarolinasrf@outlook.com  ,,
murilloqflillomal@outlook.com  ,,
murillotgwdamarisbnu@outlook.com  ,,
murillovjomaricelou@outlook.com  ,,
murillovtsandresja@outlook.com  ,,
murilloxcpmoralescxy@outlook.com  ,,
murilloyaljoseky@outlook.com  ,,
murilloycpenriqueir@outlook.com  ,,
murilloykalanrd@outlook.com  ,,
murillozsmurielyx@outlook.com  ,,
murillozspmoralescex@outlook.com  ,,
ndu.pamela@gmail.com  ,,
nkemakolamobinna33@gmail.com  ,,
nnaemekaogbobe@gmail.com  ,,
nonnycool7@gmail.com  ,,
ogadinma.ndukwe@gmail.com  ,,
ogundeyiabimbola04@gmail.com  ,,
oleaojacquelineue@outlook.com  ,,
oleazmfranciscotct@outlook.com  ,,
olebdqantoniocqy@outlook.com  ,,
olebwmaricelvnt@outlook.com  ,,
olebysandrany@outlook.com  ,,
olebzhcamilolh@outlook.com  ,,
olecksoniajlt@outlook.com  ,,
oledhzjacquelineyad@outlook.com  ,,
oledindavidbd@outlook.com  ,,
oledkmariaas@outlook.com  ,,
oleedmaricelyrk@outlook.com  ,,
oleefdandresvm@outlook.com  ,,
oleejalansp@outlook.com  ,,
olefckellytd@outlook.com  ,,
olefhenriquentt@outlook.com  ,,
olefimanuelbw@outlook.com  ,,
olefrvantoniohef@outlook.com  ,,
olefwmmoralesmxf@outlook.com  ,,
olefzhkellyzws@outlook.com  ,,
olehaalannha@outlook.com  ,,
olehjjosehdt@outlook.com  ,,
oleibwluisoq@outlook.com  ,,
olejkeluisjxq@outlook.com  ,,
olejsdamarisoc@outlook.com  ,,
olelqpmariacn@outlook.com  ,,
olelyamoralestcx@outlook.com  ,,
olemnnaliciaapx@outlook.com  ,,
olenyluisqvy@outlook.com  ,,
oleoeualiciasw@outlook.com  ,,
oleoszkatiavas@outlook.com  ,,
oleqcldamarisotg@outlook.com  ,,
oleqspmurielkfs@outlook.com  ,,
oleqxmoralesge@outlook.com  ,,
olerjcarolinafh@outlook.com  ,,
olerukellyrxq@outlook.com  ,,
oletcimariaul@outlook.com  ,,
oletqmanuelwfb@outlook.com  ,,
oleujsandrahq@outlook.com  ,,
oleumykellyucm@outlook.com  ,,
olevacmurielnf@outlook.com  ,,
olevgflorenciaasd@outlook.com  ,,
olevnbmaricelsjq@outlook.com  ,,
olevtaliciapjy@outlook.com  ,,
olewmtrioski@outlook.com  ,,
olewqzaliciagqx@outlook.com  ,,
olexsaliciaua@outlook.com  ,,
oleyqkatheriniqf@outlook.com  ,,
olezjaliciaure@outlook.com  ,,
olezxkricardocxd@outlook.com  ,,
ortizaddamarishd@outlook.com  ,,
ortizapbsandraqc@outlook.com  ,,
ortizapricardokhw@outlook.com  ,,
ortizbgricardozb@outlook.com  ,,
ortizclmariafde@outlook.com  ,,
ortizddjosemy@outlook.com  ,,
ortizdizdavidain@outlook.com  ,,
ortizejsoniannq@outlook.com  ,,
ortizelalancja@outlook.com  ,,
ortizfuwandresnx@outlook.com  ,,
ortizgfedavidby@outlook.com  ,,
ortizibriosrk@outlook.com  ,,
ortiziqjosell@outlook.com  ,,
ortizkfcarolinapi@outlook.com  ,,
ortizlpflorenciayb@outlook.com  ,,
ortizmhluisuc@outlook.com  ,,
ortizmjrioswfk@outlook.com  ,,
ortizngdavidla@outlook.com  ,,
ortiznsfranciscobn@outlook.com  ,,
ortiznssoniatc@outlook.com  ,,
ortizpsdcamilovhk@outlook.com  ,,
ortizpvdamarisjeb@outlook.com  ,,
ortizpwcarolinafkf@outlook.com  ,,
ortizqlsjoselwd@outlook.com  ,,
ortizrcriosaya@outlook.com  ,,
ortizrxsandrapk@outlook.com  ,,
ortizsmhkellyhtl@outlook.com  ,,
ortiztcricardoevg@outlook.com  ,,
ortizukenriquewh@outlook.com  ,,
ortizurdavidjsi@outlook.com  ,,
ortizvidavidhs@outlook.com  ,,
ortizwokkatiamm@outlook.com  ,,
ortizxcenriqueesh@outlook.com  ,,
ortizxhcarolinaduq@outlook.com  ,,
ortizxudamariszig@outlook.com  ,,
ortizzcflorenciaae@outlook.com  ,,
osirivictor@gmail.com  ,,
philipchukwuemeka9@gmail.com  ,,
plazabgbmaricelasl@outlook.com  ,,
plazacsimoralesxwz@outlook.com  ,,
plazacslillodni@outlook.com  ,,
plazaeililloeyt@outlook.com  ,,
plazaewriostj@outlook.com  ,,
plazafbflorenciaqfo@outlook.com  ,,
plazafelsandrakyr@outlook.com  ,,
plazafqenriquetlw@outlook.com  ,,
plazahmsandrath@outlook.com  ,,
plazaiihastridrr@outlook.com  ,,
plazajisoniahw@outlook.com  ,,
plazajqcamilonw@outlook.com  ,,
plazakdmanuelhud@outlook.com  ,,
plazakiriosxp@outlook.com  ,,
plazaldenriquexra@outlook.com  ,,
plazalevastridhfn@outlook.com  ,,
plazalrcamilomui@outlook.com  ,,
plazanwkatherinvxe@outlook.com  ,,
plazapdenriqueur@outlook.com  ,,
plazapujacquelinehz@outlook.com  ,,
plazapzcarolinamvq@outlook.com  ,,
plazaqelillomov@outlook.com  ,,
plazasmusoniaewi@outlook.com  ,,
plazaszkatherinfyu@outlook.com  ,,
plazatfbcamilogo@outlook.com  ,,
plazatjamaricelav@outlook.com  ,,
plazatplmanuelyod@outlook.com  ,,
plazaugcamilodxn@outlook.com  ,,
plazauglfranciscoqz@outlook.com  ,,
plazavbastridyq@outlook.com  ,,
plazavjtluisktx@outlook.com  ,,
plazavsljosevvt@outlook.com  ,,
plazawfmurielyxi@outlook.com  ,,
plazawtkatiavcd@outlook.com  ,,
plazayoalanxs@outlook.com  ,,
plazaywriosxb@outlook.com  ,,
pochaccarolinavi@outlook.com  ,,
pochbifranciscoeo@outlook.com  ,,
pochcnhmanuelwxh@outlook.com  ,,
pochcnriosnsn@outlook.com  ,,
pochctcarolinafk@outlook.com  ,,
pochczdenriquevjf@outlook.com  ,,
pochdclillorw@outlook.com  ,,
pochdjcamilosz@outlook.com  ,,
pochdubkatherince@outlook.com  ,,
pochexodamarisskb@outlook.com  ,,
pochhhdamarisps@outlook.com  ,,
pochhvmaricelslu@outlook.com  ,,
pochinalanrw@outlook.com  ,,
pochjfricardovv@outlook.com  ,,
pochjrdricardofr@outlook.com  ,,
pochjynfranciscosv@outlook.com  ,,
pochlvbastridmg@outlook.com  ,,
pochmpmsandraoj@outlook.com  ,,
pochnbwalansq@outlook.com  ,,
pochnhmariaaz@outlook.com  ,,
pochnhtmariaxy@outlook.com  ,,
pochnobcamilodbq@outlook.com  ,,
pochopoantoniorgt@outlook.com  ,,
pochoxfranciscogsd@outlook.com  ,,
pochrakatiajua@outlook.com  ,,
pochrcumanuelgc@outlook.com  ,,
pochrifranciscoeh@outlook.com  ,,
pochrjcamilowwu@outlook.com  ,,
pochujkellyyr@outlook.com  ,,
pochuqkatiabkl@outlook.com  ,,
pochutsandrasql@outlook.com  ,,
pochvgaliciabq@outlook.com  ,,
pochvyxkatherinde@outlook.com  ,,
pochwcgaliciadm@outlook.com  ,,
pochxocarolinaaeu@outlook.com  ,,
pochydbluisyfi@outlook.com  ,,
pochyjbriostft@outlook.com  ,,
pochypenriqueeoi@outlook.com  ,,
pochyqdamarisrxv@outlook.com  ,,
pochzhricardoaz@outlook.com  ,,
ponderjacquievt@outlook.com  ,,
richedavid8@gmail.com  ,,
rosadoaspalanqib@outlook.com  ,,
rosadoayimurielhg@outlook.com  ,,
rosadobgzlillozkf@outlook.com  ,,
rosadobsantonioey@outlook.com  ,,
rosadocxmoralesqg@outlook.com  ,,
rosadodienriquent@outlook.com  ,,
rosadodsiantonioaid@outlook.com  ,,
rosadodwwriosasc@outlook.com  ,,
rosadoeiricardomkf@outlook.com  ,,
rosadoenlilloxvt@outlook.com  ,,
rosadoexandresoe@outlook.com  ,,
rosadofklillocug@outlook.com  ,,
rosadohakatiatmf@outlook.com  ,,
rosadohmsandraub@outlook.com  ,,
rosadohyyricardodki@outlook.com  ,,
rosadoinricardosr@outlook.com  ,,
rosadoismariaevu@outlook.com  ,,
rosadolcsoniaksn@outlook.com  ,,
rosadolydflorenciamd@outlook.com  ,,
rosadomlbluisdq@outlook.com  ,,
rosadommudamarissnf@outlook.com  ,,
rosadomporicardorod@outlook.com  ,,
rosadomqmoralesfua@outlook.com  ,,
rosadonfnenriquegi@outlook.com  ,,
rosadonhjosehvw@outlook.com  ,,
rosadonviflorenciatn@outlook.com  ,,
rosadonzmanuelkjt@outlook.com  ,,
rosadoocpluisiir@outlook.com  ,,
rosadopjkellybg@outlook.com  ,,
rosadopsealanjp@outlook.com  ,,
rosadoqiflorenciadh@outlook.com  ,,
rosadorojosevb@outlook.com  ,,
rosadosesoniadpt@outlook.com  ,,
rosadosocamilowt@outlook.com  ,,
rosadospnluisoi@outlook.com  ,,
rosadosufranciscoaf@outlook.com  ,,
rosadouxkkellylau@outlook.com  ,,
rosadowywlillojtk@outlook.com  ,,
rosadoxfkatherindkx@outlook.com  ,,
rosadoydsoniafyq@outlook.com  ,,
rosadoyzaliciaab@outlook.com  ,,
rosadozjdkatherinhie@outlook.com  ,,
rosellakkellyyje@outlook.com  ,,
rosellaydamarisof@outlook.com  ,,
rosellaymaricelia@outlook.com  ,,
rosellbhbdamarisxg@outlook.com  ,,
rosellbhlillobd@outlook.com  ,,
rosellbnyricardoowe@outlook.com  ,,
rosellbsalicianx@outlook.com  ,,
rosellczqaliciajeu@outlook.com  ,,
rosellffcamilood@outlook.com  ,,
rosellgckkellyuz@outlook.com  ,,
rosellgtpdavidnaj@outlook.com  ,,
rosellhwykatherinot@outlook.com  ,,
roselljaalanagp@outlook.com  ,,
roselljafranciscoenf@outlook.com  ,,
roselljngastridkyp@outlook.com  ,,
roselljualanjud@outlook.com  ,,
roselllwenriquesjg@outlook.com  ,,
rosellmasmoralesjy@outlook.com  ,,
rosellnemmaricelldx@outlook.com  ,,
rosellnmmariani@outlook.com  ,,
rosellnuastridsa@outlook.com  ,,
roselloocastridqv@outlook.com  ,,
roselloxnluishut@outlook.com  ,,
rosellpkkellyntw@outlook.com  ,,
rosellrisoniafw@outlook.com  ,,
rosellrzrfranciscozwt@outlook.com  ,,
rosellsuyriosgf@outlook.com  ,,
rosellswcarolinafl@outlook.com  ,,
rosellsytkellyfa@outlook.com  ,,
roselluhokatherinlm@outlook.com  ,,
rosellulmarianmq@outlook.com  ,,
rosellvgandreshn@outlook.com  ,,
rosellvxddamarisrr@outlook.com  ,,
rosellwahenriqueylj@outlook.com  ,,
rosellwnastridpn@outlook.com  ,,
rosellwrcamiloix@outlook.com  ,,
rosellwxfranciscoxf@outlook.com  ,,
rosellxfflorenciaxob@outlook.com  ,,
rosellxshfranciscosy@outlook.com  ,,
rosellyiluisepx@outlook.com  ,,
rosellyxykatherinbvb@outlook.com  ,,
rosellzmricardooqh@outlook.com  ,,
rosellznwcamilocgn@outlook.com  ,,
rosellzptandreskm@outlook.com  ,,
rosellzycarolinagkh@outlook.com  ,,
salazaraoylillogsw@outlook.com  ,,
salazarbmzantonioin@outlook.com  ,,
salazardhkellyeqh@outlook.com  ,,
salazardhsandrair@outlook.com  ,,
salazardxastridtqf@outlook.com  ,,
salazarfqzkatiabv@outlook.com  ,,
salazarfusoniaqkg@outlook.com  ,,
salazarfxmurielnrs@outlook.com  ,,
salazarggkellypji@outlook.com  ,,
salazarglmoralesru@outlook.com  ,,
salazarhlpcarolinakf@outlook.com  ,,
salazarhmlcamilorwo@outlook.com  ,,
salazarhvikatiarl@outlook.com  ,,
salazaribfalanscl@outlook.com  ,,
salazarifsandradwd@outlook.com  ,,
salazarinlflorenciarm@outlook.com  ,,
salazarircamilotoq@outlook.com  ,,
salazarjhantonioda@outlook.com  ,,
salazarjvenriqueeqj@outlook.com  ,,
salazarjvjmariatw@outlook.com  ,,
salazarkmlalanqm@outlook.com  ,,
salazarntluisjiq@outlook.com  ,,
salazaroascarolinaxo@outlook.com  ,,
salazarodandrescqe@outlook.com  ,,
salazarohzsandrakxk@outlook.com  ,,
salazaroxmanuelnu@outlook.com  ,,
salazarpfqenriquehhw@outlook.com  ,,
salazarpwcmurielvu@outlook.com  ,,
salazarqnukatherinsn@outlook.com  ,,
salazarqzjacquelinegri@outlook.com  ,,
salazarrntjacquelineod@outlook.com  ,,
salazarrwkatherinwia@outlook.com  ,,
salazarryvlillokc@outlook.com  ,,
salazarsxtandrespb@outlook.com  ,,
salazartutkatherinqpr@outlook.com  ,,
salazartzjalankm@outlook.com  ,,
salazarucrioszmu@outlook.com  ,,
salazaruilillonh@outlook.com  ,,
salazarvbmcarolinaof@outlook.com  ,,
salazarvdaliciaqej@outlook.com  ,,
salazarxuekatherinwg@outlook.com  ,,
salazarykriosoin@outlook.com  ,,
salazaryzymanuelsji@outlook.com  ,,
salazarzuxenriqueax@outlook.com  ,,
sanchezbdvfranciscoct@outlook.com  ,,
sanchezczwmariamqo@outlook.com  ,,
sanchezdojenriquetc@outlook.com  ,,
sanchezdqyricardoapb@outlook.com  ,,
sanchezebmariablv@outlook.com  ,,
sanchezfjmoralesvd@outlook.com  ,,
sanchezhvyalaneny@outlook.com  ,,
sanchezibantonioyn@outlook.com  ,,
sanchezjcamurielzwg@outlook.com  ,,
sanchezkcdmaricelogt@outlook.com  ,,
sanchezkiastridhl@outlook.com  ,,
sanchezlftcarolinaols@outlook.com  ,,
sanchezmasoniaizw@outlook.com  ,,
sanchezmimoralesvgi@outlook.com  ,,
sanchezmliluisnx@outlook.com  ,,
sancheznmmsandrakjx@outlook.com  ,,
sanchezofjosekvx@outlook.com  ,,
sanchezonxalanau@outlook.com  ,,
sanchezosukatiabpr@outlook.com  ,,
sanchezpbgmurielwk@outlook.com  ,,
sanchezpczsandrauk@outlook.com  ,,
sanchezpvmaricelrwh@outlook.com  ,,
sanchezsipmanuelax@outlook.com  ,,
sanchezsksoniampt@outlook.com  ,,
sanchezslalanwz@outlook.com  ,,
sanchezsnhandreseeo@outlook.com  ,,
sancheztualanmbx@outlook.com  ,,
sancheztylilloisl@outlook.com  ,,
sanchezugimoralesgq@outlook.com  ,,
sanchezujykellypra@outlook.com  ,,
sanchezunluisvsz@outlook.com  ,,
sanchezvpmaricelhts@outlook.com  ,,
sanchezvrcjacquelinerz@outlook.com  ,,
sanchezyatluisegs@outlook.com  ,,
sanchezzrtflorenciatik@outlook.com  ,,
sanchezzrzriosls@outlook.com  ,,
sandlerteressahe@outlook.com  ,,
sarahchianu2@gmail.com  ,,
seibelithertai@outlook.com  ,,
sommervillelaureli@outlook.com  ,,
somydejesus@outlook.com  ,,
sosaagenriquephy@outlook.com  ,,
sosaaskellyfny@outlook.com  ,,
sosaayasandrazgb@outlook.com  ,,
sosactzkatiagx@outlook.com  ,,
sosacxmandresgci@outlook.com  ,,
sosaduluisdpo@outlook.com  ,,
sosaetriosqi@outlook.com  ,,
sosaevfranciscomri@outlook.com  ,,
sosafvmaricelwe@outlook.com  ,,
sosafyfranciscoky@outlook.com  ,,
sosagunsandrabbn@outlook.com  ,,
sosagzbdamarisiks@outlook.com  ,,
sosahcdantoniocp@outlook.com  ,,
sosaikfranciscospc@outlook.com  ,,
sosaikvalankn@outlook.com  ,,
sosajeastridggh@outlook.com  ,,
sosajwicamilozss@outlook.com  ,,
sosaktlfranciscoxp@outlook.com  ,,
sosakxccarolinadp@outlook.com  ,,
sosalszmanuelcef@outlook.com  ,,
sosalvyriosfe@outlook.com  ,,
sosamnecarolinaenm@outlook.com  ,,
sosanlfranciscozjk@outlook.com  ,,
sosapemricardomgj@outlook.com  ,,
sosapjumoralesveo@outlook.com  ,,
sosaqaalanvx@outlook.com  ,,
sosaqvlilloxr@outlook.com  ,,
sosasinjacquelineqdz@outlook.com  ,,
sosataaliciawu@outlook.com  ,,
sosatvcarolinampj@outlook.com  ,,
sosaungkatherindd@outlook.com  ,,
sosavhkatiaida@outlook.com  ,,
sosazshricardotjq@outlook.com  ,,
sosazszlillowqh@outlook.com  ,,
sosazuglillozi@outlook.com  ,,
sunkanmiajayi5@gmail.com  ,,
tobikaka24@gmail.com  ,,
tomesshiral@outlook.com  ,,
torresajsandrajse@outlook.com  ,,
torresaltflorenciapat@outlook.com  ,,
torresapnsoniayfa@outlook.com  ,,
torresbdantonioah@outlook.com  ,,
torresbhantoniochz@outlook.com  ,,
torresblcarolinazrr@outlook.com  ,,
torrescdmurieljy@outlook.com  ,,
torresceantoniojgj@outlook.com  ,,
torrescgzkellyqzb@outlook.com  ,,
torrescimaricelnkq@outlook.com  ,,
torrescrhalanfh@outlook.com  ,,
torresdhlriosgq@outlook.com  ,,
torreseiefranciscomr@outlook.com  ,,
torresejflorenciayo@outlook.com  ,,
torreseplillozcx@outlook.com  ,,
torresewcamiloeqe@outlook.com  ,,
torresfjenriquezeq@outlook.com  ,,
torresfytmariauol@outlook.com  ,,
torresfzxandresduz@outlook.com  ,,
torreshoacarolinaexj@outlook.com  ,,
torreshsvkatiarho@outlook.com  ,,
torresirkdamarisiu@outlook.com  ,,
torresjnzmanuelfl@outlook.com  ,,
torresjtcamilonu@outlook.com  ,,
torresjvrlilloil@outlook.com  ,,
torreskrkandresov@outlook.com  ,,
torresleifranciscoja@outlook.com  ,,
torreslfhmurielqpi@outlook.com  ,,
torreslnhmariagn@outlook.com  ,,
torreslpantonioys@outlook.com  ,,
torresmffmariarm@outlook.com  ,,
torresmjlaliciaav@outlook.com  ,,
torresmmvsandradrv@outlook.com  ,,
torresnrtmaricelsl@outlook.com  ,,
torresnvdamarisbyt@outlook.com  ,,
torresolhkellygi@outlook.com  ,,
torresppcmaricelfb@outlook.com  ,,
torresprkatiakvj@outlook.com  ,,
torrespvifranciscoub@outlook.com  ,,
torrespylmurieldsd@outlook.com  ,,
torresqcsoniarov@outlook.com  ,,
torresqffandrescy@outlook.com  ,,
torresqhmanueldol@outlook.com  ,,
torresqkmanuelgsc@outlook.com  ,,
torresqpblillorzs@outlook.com  ,,
torresrfijosesn@outlook.com  ,,
torresrqcalanfjn@outlook.com  ,,
torresrxjdavidql@outlook.com  ,,
torresrzflorenciaiby@outlook.com  ,,
torresssaaliciajr@outlook.com  ,,
torresssandresrcf@outlook.com  ,,
torresswefranciscont@outlook.com  ,,
torressyenriquehyn@outlook.com  ,,
torrestfmaricelwhq@outlook.com  ,,
torrestmdaliciaxi@outlook.com  ,,
torrestsriosaa@outlook.com  ,,
torresuglsandradzg@outlook.com  ,,
torresuhkatiafsw@outlook.com  ,,
torresukaliciaffk@outlook.com  ,,
torresuvlillokt@outlook.com  ,,
torresvcgjacquelinebm@outlook.com  ,,
torresvlqjacquelineyeq@outlook.com  ,,
torresvsmariafy@outlook.com  ,,
torresvvvkatherinxy@outlook.com  ,,
torresvyosandrars@outlook.com  ,,
torreswcmariabn@outlook.com  ,,
torreswoxflorenciaab@outlook.com  ,,
torreswxkatiahr@outlook.com  ,,
torreswymoralesbkf@outlook.com  ,,
torreswymurielcl@outlook.com  ,,
torresxcjacquelinesgk@outlook.com  ,,
torresxpqkellysc@outlook.com  ,,
torresxtantoniodmt@outlook.com  ,,
torresyaeluisbn@outlook.com  ,,
torresybenriqueas@outlook.com  ,,
torreszbrjosevww@outlook.com  ,,
torreszeualiciapmu@outlook.com  ,,
torreszijoseun@outlook.com  ,,
torreszovluiskz@outlook.com  ,,
ugwubethel164@gmail.com  ,,
urrutiaagastridtdn@outlook.com  ,,
urrutiaaxxkatherinrbe@outlook.com  ,,
urrutiacrxflorenciahc@outlook.com  ,,
urrutiadacamilotap@outlook.com  ,,
urrutiadbskellyzx@outlook.com  ,,
urrutiagdfcarolinaxyc@outlook.com  ,,
urrutiagqastridnds@outlook.com  ,,
urrutiahwandreswpi@outlook.com  ,,
urrutiaignenriquewx@outlook.com  ,,
urrutiaioacamilofp@outlook.com  ,,
urrutiajbastridwgu@outlook.com  ,,
urrutialaqaliciamg@outlook.com  ,,
urrutialesricardoox@outlook.com  ,,
urrutialtcamilowae@outlook.com  ,,
urrutiamajosemp@outlook.com  ,,
urrutiamblkellyii@outlook.com  ,,
urrutiamwmaricelpz@outlook.com  ,,
urrutianhfricardoxv@outlook.com  ,,
urrutianvaliciarsp@outlook.com  ,,
urrutiaoqmanuelbes@outlook.com  ,,
urrutiaptandresphs@outlook.com  ,,
urrutiapuvmanuelykt@outlook.com  ,,
urrutiapztluispr@outlook.com  ,,
urrutiaqdluisuc@outlook.com  ,,
urrutiaqiwdavidbh@outlook.com  ,,
urrutiaqjenriquegy@outlook.com  ,,
urrutiaraxcamilotzk@outlook.com,,
urrutiarodamarisnf@outlook.com,,
urrutiatakmoralesgi@outlook.com,,
urrutiauulillozjt@outlook.com,,
urrutiavvokatherinef@outlook.com,,
urrutiavxzmoralesqmw@outlook.com,,
urrutiawdemoralesbwb@outlook.com,,
urrutiawezmaricelfe@outlook.com,,
urrutiawnjosegjh@outlook.com,,
urrutiazdiricardothu@outlook.com,,
urrutiazgcamilotdg@outlook.com,,
urrutiazkmariarus@outlook.com,,
victorb746@gmail.com,,
victoritepu02@gmail.com,,
wisdomrock8@gmail.com,,
www.own21@gmail.com,,
ydele11@gmail.com,,
chiazanamdaniel145@gmail.com  ,,
osita.osita.241170@unn.edu.ng ,,
ckopyen@gmail.com ,,
 anitaolabode07@gmail.com ,,
 kalutabitha487@gmail.com ,,
anyahuruk@gmail.com  ,,
amoguuche042@gmail.com  ,,
Chenaonyia@gmail.com  ,,
nwafordaniel361@gmail.com ,,
bolajipedro@gmail.com  ,,
sadiqanka.56@gmail.com  ,,
badejoseun07@gmail.com ,,
chukwuemekagreat004@gmail.com  ,,
senatorjay2@gmail.com  ,,
austinehenry52@gmail.com  ,,
vdjpilot@gmail.com  ,,
elametheodora@gmail.com  ,,
rachealbassey511@gmail.com  ,,
victorfaith15@gmail.com  ,,
favourmaverick0@gmail.com  ,,
blessingojeizuanbi@gmail.com  ,,
emeodin@gmail.com  ,,
holuwaseunakin@gmail.com  ,,
Victoruwemudo19@gmail.com  ,,
mkmkid10@gmail.com  ,,
francisbernadino@gmail.com  ,,
dimmasuper@gmail.com  ,,
johndeago007@gmail.com ,,
 mazeed123@example.com ,,
 nwachukwuchidubem11@gmail.com ,,
ezegolden12@gmail.com  ,,
triplez306@gmail.com  ,,
favourchukwuemeka25@gmail.com  ,,
godswillezekiel44@gmail.com  ,,
 promiseokeke419@gmail.com ,,
blessingawolola18@gmail.com  ,,
emmycloxzy07@gmail.com  ,,
timmyayomic@gmail.com  ,,
patorisky1@gmail.com  ,,
giftede1905@gmail.com  ,,
oladimejia911@gmail.com  ,,
preciouschinelo028@gmail.com ,,
victex6502@gmail.com  ,,
bankoleogabi@gmail.com  ,,
obianuju3939@gmail.com  ,,
gertrudesochima17@gmail.com  ,,
prasanthsamraj2605@gmail.com  ,,
vivianegejuru1990@gmail.com  ,,
 victoregwurugwu@gmail.com ,,
okekekingdavid34@gmail.com  ,,
cosmasudoka17@gmail.com ,,
osita.osita.24117@unn.edu.ng ,,
mosebbie@gmail.com  ,,
afomaikeakor@gmail.com istsub,,
akinsolajoseph9411@gmail.com  ,,
chijiokedivine088@gmail.com  ,,
obengyeboahdominic54@gmail.com  ,,
kingsleyajagu02@gmail.com  ,,
akinmutimipraise@gmail.com  ,,
tooboyswork@gmail.com  ,,
jimohabidin@gmail.com  ,,
ezeafulukwechibueze2002@gmail.com ,,
 junaidshafiu@gmail.com ,,
sirebolu47@gmail.com  ,,
okwuchukwukingsley355@gmail.com  ,,
akakurud@gmail.com  ,,
 jeremiahdivine454@gmail.com ,,
youngsaint900@gmail.com ,,
 ezepromiseifeanyi2019@gmail.com ,,
samuelmazeli247@email.com  ,,
ayenimarkseyitan@gmail.com ,,
bellajohn09@gmail.com  ,,
smgofgod@gmail.com  ,,
omotayosanusi136@gmail.com  ,,
 ellaagada8@gmail.com istsub,,
idongesitgabriel32@gmail.com  ,,
smartchiadika@gmail.com  ,,
 adeiyiola10@gmail.com ,,
mularcruzzy@gmail.com  ,,
generaloxford01@gmail.com  ,,
rosspamela350@gmail.com ,,
magnusmelone@gmail.com  ,,
Habey.enterprise29@gmail.com ,,
youngsaint900@outlook.com ,,
maduekepeace3@gmail.com  ,,
casmirnkwegu@gmail.com  ,,
mosinimuezekiel@gmail.com  ,,
vheeralynn@gmail.com  ,,
janefrancisokpala@gmail.com  ,,
gaddafi@ibrahim.com ,,
olurobunmi2001@gmail.com  ,,
ismailsekinah55@gmail.com  ,,
cellopresh@gmail.com  ,,
brieannautomi2468@gmail.com  ,,
jetot7@gmail.com  ,,
franklinfrank677@gmail.com ,,
kanisco00@gmail.com  ,,
razzmf1608@gmail.com  ,,
princeemmanuelokorie@gmail.com ,,
onyinyeemodi@gmail.com  ,,
anazodovictory2000@gmail.com  ,,
pchinelo13@gmail.com  ,,
michaelikechukwu005@gmail.com  ,,
israelraji27@gmail.com  ,,
olanrewabaasit05@gmail.com  ,,
samletestmik@gmail.com ,,
franciscaolueze@gmail.com  ,,
kunalchotala28.10@gmail.com  ,,
ogunmodedesaheed5@gmail.com ,,
alvicrypto2021@gmail.com  ,,
destinyomon7@gmail.com  ,,
findyourtrueself2@gmail.com,,
Abiolaquadri111@gmail.com   ,,
Jonasmmaduabuchi1@gmail.com      ,,
Migaltaga67@gmail.com       ,,
Ogbonnayaprecious48@gmail.com      ,,
acedogimoralesylz@outlook.com      ,,
acedokhantoniorc@outlook.com      ,,
acerobbmariassc@outlook.com      ,,
aceroflikellyqi@outlook.com      ,,
acerojsmaricelhi@outlook.com      ,,
acerokuglillocmx@outlook.com      ,,
acerovzsaliciaiq@outlook.com      ,,
aceroyhmariawr@outlook.com      ,,
agbonnamdipadro@gmail.com      ,,
ajalaprosper4@mail.com      ,,
alabibernard1@gmail.com      ,,
alemanenvcarolinaxme@outlook.com      ,,
alemanvgajoseqov@outlook.com      ,,
alemanzgyantoniotq@outlook.com      ,,
alvarezgdrfranciscowo@outlook.com      ,,
alvarezrwandresjlh@outlook.com      ,,
alvarezuadamaristkw@outlook.com      ,,
amehhillary33@gmail.com      ,,
antolinowelillowv@outlook.com      ,,
avisbcricardoht@outlook.com      ,,
aviselmanuelww@outlook.com      ,,
avisjqrioslkv@outlook.com      ,,
avisyjkdavidxqe@outlook.com      ,,
bcezekiel5995@gmail.com      ,,
bellasxmrjoseel@outlook.com      ,,
benayahnelson@gmail.com      ,,
ceeceenwoke@gmail.com      ,,
charlcharlee@gmail.com      ,,
chidilearinze@gmail.com      ,,
chinatuogbonna65@gmail.com      ,,
chuksdan043@gmail.com      ,,
coronelgkjacquelineqf@outlook.com      ,,
coronelkrriosoj@outlook.com      ,,
coronelphastridssw@outlook.com      ,,
coronelpmxjoseeb@outlook.com      ,,
diechanhang@yahoo.com      ,,
dominguezaegalanac@outlook.com      ,,
dominguezndzdamarisrh@outlook.com      ,,
dominguezrfymoralessy@outlook.com      ,,
domingueztkantoniohl@outlook.com      ,,
dominguezuzandresjs@outlook.com      ,,
estevezaobmurielfyn@outlook.com      ,,
estevezgilluiskgf@outlook.com      ,,
estevezjfgmanueloz@outlook.com      ,,
estevezotdavidfu@outlook.com      ,,
faithoyindamola2k19@gmail.com      ,,
gabalancbsmariary@outlook.com      ,,
gabalandmmariceltx@outlook.com      ,,
gabalaniienriquelbu@outlook.com      ,,
gabalanlihmanuelxu@outlook.com      ,,
gabalanmkmalankls@outlook.com      ,,
gabalanofmariaqk@outlook.com      ,,
gabalanogmurieljx@outlook.com      ,,
garridojefranciscobd@outlook.com      ,,
guillenboxflorenciark@outlook.com      ,,
guillencgalandw@outlook.com      ,,
guillenkjdfranciscoqho@outlook.com      ,,
guillennmnalandwd@outlook.com      ,,
jessicaokonkwoc@gmail.com      ,,
kingsleywinston002@gmail.com      ,,
kroozofficial1@gmail.com      ,,
laminesy03@gmail.com      ,,
leisterndungp@outlook.com      ,,
leogeetimba31@gmail.com      ,,
lindaonuselogu91@gmail.com      ,,
lopezawjdavidbq@outlook.com      ,,
lopezjbkellyfd@outlook.com      ,,
lopezpwsandrajfw@outlook.com      ,,
lopezxlzlilloog@outlook.com      ,,
mbahkasie@gmail.com      ,,
miraabqricardolmu@outlook.com      ,,
miraddantoniolq@outlook.com      ,,
miraptenriquecq@outlook.com      ,,
miravxjacquelinelue@outlook.com      ,,
mundodlealanxmd@outlook.com      ,,
mundohwkatherindo@outlook.com      ,,
mundomgcamilohf@outlook.com      ,,
mundoqonkatherinmqs@outlook.com      ,,
murillohgsandraec@outlook.com      ,,
murillokwkatherinij@outlook.com      ,,
murillonbdamarisyet@outlook.com      ,,
murillouxwenriquexje@outlook.com      ,,
nickyphait@gmail.com      ,,
nwosu.franklin@ymail.com      ,,
nzeajunwafaith@gmail.com      ,,
olajumokeadebayo48@gmail.com      ,,
olembsflorenciaijl@outlook.com      ,,
oleprtandreszr@outlook.com      ,,
olevyfranciscoevh@outlook.com      ,,
onyinyepretty08@gmail.com      ,,
orah136@gmail.com      ,,
ortizedralaney@outlook.com      ,,
ortizhfpluiswu@outlook.com      ,,
ortizpepaliciaqez@outlook.com      ,,
ortizpubfranciscolvb@outlook.com      ,,
peacelisa123@gmail.com      ,,
pochhhdkatherinqvf@outlook.com      ,,
qveenthia@yahoo.com      ,,
rosadooktalancj@outlook.com      ,,
rosellhyriosotl@outlook.com      ,,
roselllralancie@outlook.com      ,,
rosellnxantoniobq@outlook.com      ,,
rosellutlkatiawc@outlook.com      ,,
salazareyaaliciaqn@outlook.com      ,,
salazarjktriostfy@outlook.com      ,,
sanchezobmoralescwb@outlook.com      ,,
sanchezopbcarolinapp@outlook.com      ,,
sanchezrmokatherindoj@outlook.com      ,,
shainamae.acebedo@gmail.com      ,,
sommyvera5@gmail.com      ,,
sosabrenriquescv@outlook.com      ,,
sosafuecarolinauq@outlook.com      ,,
sosalpkellytdq@outlook.com      ,,
sosassjoseyun@outlook.com      ,,
sosatdlastridmj@outlook.com      ,,
sosavvnkellyjql@outlook.com      ,,
tersaraid@gmail.com      ,,
torreselkatiaanp@outlook.com      ,,
torreshepkatherindan@outlook.com      ,,
torreslxzkatherinyer@outlook.com      ,,
torresmmriosqpv@outlook.com      ,,
ugochitera@gmail.com      ,,
umarsali0892@gmail.com      ,,
urrutiadasandrasw@outlook.com      ,,
vcamujiri3@gmail.com      ,,
verachukwu2018@gmail.com      ,,
zaralynn@gmail.com      ,,
zaryaekatarina@gmail.com      ,,
Alaonifemi23@gmail.com  ,,
Enehchukwuemeka29@gmail.com  ,,
Jubileechidex@gmail.com  ,,
May2nyt@yahoo.com  ,,
Michelleclaire6991@gmail.com  ,,
acedoaiyantoniofiu@outlook.com  ,,
acedobhkdavidlu@outlook.com  ,,
acedobtkatiajjx@outlook.com  ,,
acedobvdmaricelulb@outlook.com  ,,
acedodkfantoniodda@outlook.com  ,,
acedoerlillorgt@outlook.com  ,,
acedofusoniaom@outlook.com  ,,
acedohlmurielsr@outlook.com  ,,
acedohvastridvq@outlook.com  ,,
acedohzglilloziq@outlook.com  ,,
acedoiihmariabd@outlook.com  ,,
acedoikjacquelinelm@outlook.com  ,,
acedoistcamiloge@outlook.com  ,,
acedoljfsoniapid@outlook.com  ,,
acedolwdaviduxy@outlook.com  ,,
acedomsenriqueoo@outlook.com  ,,
acedomvsandraqk@outlook.com  ,,
acedontdamariszbn@outlook.com  ,,
acedoofrsandrapd@outlook.com  ,,
acedoojgandreslno@outlook.com  ,,
acedopdricardoms@outlook.com  ,,
acedopeycamiloddc@outlook.com  ,,
acedoqjuluishzf@outlook.com  ,,
acedoqxrfranciscosz@outlook.com  ,,
acedoqynjosexp@outlook.com  ,,
acedosyukatherinra@outlook.com  ,,
acedotiymurielaye@outlook.com  ,,
acedotsjenriquefnc@outlook.com  ,,
acedouhmjoseotb@outlook.com  ,,
acedouixcarolinavf@outlook.com  ,,
acedoutwflorenciaosj@outlook.com  ,,
acedovfnaliciaox@outlook.com  ,,
acedovialiciabn@outlook.com  ,,
acedoxadavidbt@outlook.com  ,,
acedozpaliciasu@outlook.com  ,,
acedoztncamilovje@outlook.com  ,,
acedozwkatiavjl@outlook.com  ,,
aceroavraliciapj@outlook.com  ,,
acerodhjacquelinehmx@outlook.com  ,,
acerodzsandrayz@outlook.com  ,,
aceroexkellyzyh@outlook.com  ,,
acerofaokatherinnuw@outlook.com  ,,
acerofccarolinarj@outlook.com  ,,
acerofvflorenciabb@outlook.com  ,,
acerogmastridfa@outlook.com  ,,
acerohugcamiloiw@outlook.com  ,,
aceroigdluisxn@outlook.com  ,,
aceroihldamarismq@outlook.com  ,,
aceroitdjacquelineth@outlook.com  ,,
aceroiucarolinayvv@outlook.com  ,,
acerojlsandraatz@outlook.com  ,,
acerojujkatherinbwo@outlook.com  ,,
aceroknprioszco@outlook.com  ,,
acerolwcsoniawe@outlook.com  ,,
aceromqkmoralesvw@outlook.com  ,,
aceronbtmaricelchc@outlook.com  ,,
aceronemurielkc@outlook.com  ,,
aceronvmricardotj@outlook.com  ,,
aceroogkmaricelqvi@outlook.com  ,,
acerosfcamilocwl@outlook.com  ,,
acerosrjacquelinessr@outlook.com  ,,
acerotctmaricelnq@outlook.com  ,,
aceroukkatiavbp@outlook.com  ,,
acerouoricardodpr@outlook.com  ,,
aceroupbsandrapm@outlook.com  ,,
acerovecjoseqr@outlook.com  ,,
aceroytjdamariseb@outlook.com  ,,
acerozjdflorenciabr@outlook.com  ,,
acerozvrioszcj@outlook.com  ,,
acerozzcamiloil@outlook.com  ,,
alemanaddamarisqzp@outlook.com  ,,
alemanbkjacquelinerq@outlook.com  ,,
alemancbulilloqr@outlook.com  ,,
alemandvvsandrawim@outlook.com  ,,
alemanecmariasbx@outlook.com  ,,
alemanerkflorenciaps@outlook.com  ,,
alemanflmaricelmi@outlook.com  ,,
alemanhhcamiloth@outlook.com  ,,
alemanhxufranciscowr@outlook.com  ,,
alemanklmaliciawr@outlook.com  ,,
alemanmfcamiloyjc@outlook.com  ,,
alemannccmariasaw@outlook.com  ,,
alemannmmoraleszs@outlook.com  ,,
alemannqriosruq@outlook.com  ,,
alemanoqricardozbk@outlook.com  ,,
alemanplcamilowo@outlook.com  ,,
alemanqnjacquelineaq@outlook.com  ,,
alemanrvlillofo@outlook.com  ,,
alemansdfricardood@outlook.com  ,,
alemansmpsandranha@outlook.com  ,,
alemanttyfranciscotj@outlook.com  ,,
alemanvdcamiloahq@outlook.com  ,,
alemanvvyriosdg@outlook.com  ,,
alemanwgmurieltxn@outlook.com  ,,
alemanwjlilloeem@outlook.com  ,,
alemanxnantoniosp@outlook.com  ,,
alemanxpccarolinaquq@outlook.com  ,,
alemanzdokatiacv@outlook.com  ,,
alvarezaajacquelineea@outlook.com  ,,
alvarezackellyud@outlook.com  ,,
alvarezajjacquelinedo@outlook.com  ,,
alvarezavvdamarisuuf@outlook.com  ,,
alvarezbcmariceljf@outlook.com  ,,
alvarezbisandraflo@outlook.com  ,,
alvarezbmnfranciscojm@outlook.com  ,,
alvarezbtcamilocpv@outlook.com  ,,
alvarezcebenriqueev@outlook.com  ,,
alvarezciaandresyu@outlook.com  ,,
alvarezcywfranciscoiy@outlook.com  ,,
alvarezdcjoselz@outlook.com  ,,
alvarezdgckellypmp@outlook.com  ,,
alvarezdyealiciasj@outlook.com  ,,
alvarezeazdavidkxd@outlook.com  ,,
alvarezjculuispab@outlook.com  ,,
alvarezkldavidle@outlook.com  ,,
alvarezmbiastridqi@outlook.com  ,,
alvarezmpbkatiadgj@outlook.com  ,,
alvarezmvenriqueash@outlook.com  ,,
alvareznqrricardojy@outlook.com  ,,
alvareznsrioshwg@outlook.com  ,,
alvarezocriosvrm@outlook.com  ,,
alvarezolcarolinahfc@outlook.com  ,,
alvarezopjosexfd@outlook.com  ,,
alvarezovkellyzj@outlook.com  ,,
alvarezovqdamariswn@outlook.com  ,,
alvarezpaastridlc@outlook.com  ,,
alvarezpmwmariavk@outlook.com  ,,
alvarezprgalanovs@outlook.com  ,,
alvarezqomoralesyok@outlook.com  ,,
alvarezrydandresnh@outlook.com  ,,
alvarezsfricardodpu@outlook.com  ,,
alvarezsrxlillopi@outlook.com  ,,
alvareztqmfranciscovb@outlook.com  ,,
alvarezuyqastridhmr@outlook.com  ,,
alvarezvmgmurielel@outlook.com  ,,
alvarezvrkellyyyu@outlook.com  ,,
alvarezxeriosru@outlook.com  ,,
alvarezzrjdavidxo@outlook.com  ,,
anitaonyemachi220@gmail.com  ,,
antolinahdamarisvt@outlook.com  ,,
antolinakrioskc@outlook.com  ,,
antolinamcamilosbk@outlook.com  ,,
antolinavmoraleshdv@outlook.com  ,,
antolinbaflorenciajm@outlook.com  ,,
antolincealandbx@outlook.com  ,,
antolindkcricardoqia@outlook.com  ,,
antolindkriosyad@outlook.com  ,,
antolindprflorenciavj@outlook.com  ,,
antolinexmanueljq@outlook.com  ,,
antolinfgfmaricelfd@outlook.com  ,,
antolinhnamariaob@outlook.com  ,,
antolinhrjosehn@outlook.com  ,,
antolinkmdjosewqe@outlook.com  ,,
antolinkqmanuelrli@outlook.com  ,,
antolinkwasandrafv@outlook.com  ,,
antolinkyjoseak@outlook.com  ,,
antolinlhfmariaaw@outlook.com  ,,
antolinljalantf@outlook.com  ,,
antolinlncamiloso@outlook.com  ,,
antolinlpkatiafeo@outlook.com  ,,
antolinlzmanuelig@outlook.com  ,,
antolinnhkellyut@outlook.com  ,,
antolinoamaricelrv@outlook.com  ,,
antolinogastridnl@outlook.com  ,,
antolinpkenriqueaj@outlook.com  ,,
antolinpqkatherinis@outlook.com  ,,
antolinpydamarisjhi@outlook.com  ,,
antolinqdjacquelinexy@outlook.com  ,,
antolinqlklilloin@outlook.com  ,,
antolinrrzluisak@outlook.com  ,,
antolinsddamarissv@outlook.com  ,,
antolinshgkatiagkb@outlook.com  ,,
antolinsrdsoniafev@outlook.com  ,,
antolinszumoralesfxo@outlook.com  ,,
antolinuwacarolinavhs@outlook.com  ,,
antolinwhalanvm@outlook.com  ,,
antolinwsbsandrafn@outlook.com  ,,
antolinwwwalanka@outlook.com  ,,
antolinxbdamarishc@outlook.com  ,,
antolinyalilloaxv@outlook.com  ,,
antolinydluisuj@outlook.com  ,,
antolinyveastridmyh@outlook.com  ,,
antolinztluisxw@outlook.com  ,,
asiyanboladelight@gmail.com  ,,
avisbskmanuelzn@outlook.com  ,,
avisbycamilozsa@outlook.com  ,,
avisccacamilobwu@outlook.com  ,,
avisciluisio@outlook.com  ,,
avisdqqflorenciamjf@outlook.com  ,,
avisdxakellyre@outlook.com  ,,
avisekfranciscojae@outlook.com  ,,
avisemaliciaak@outlook.com  ,,
avisfcrenriquebc@outlook.com  ,,
avisfucarolinacu@outlook.com  ,,
avisgyaliciaox@outlook.com  ,,
avishfandresjqv@outlook.com  ,,
avisifpmurieldrt@outlook.com  ,,
avisihcjacquelinebaq@outlook.com  ,,
avisihmanuelgu@outlook.com  ,,
avisikantonioxc@outlook.com  ,,
avisikjflorenciauw@outlook.com  ,,
avisipldavidis@outlook.com  ,,
avisipmanuelco@outlook.com  ,,
avisjbgsandrarik@outlook.com  ,,
avismspluismj@outlook.com  ,,
avismssmaricelzjz@outlook.com  ,,
avismtdavidax@outlook.com  ,,
avismwkdavidznt@outlook.com  ,,
avisntcamilobn@outlook.com  ,,
avisnwxandresopy@outlook.com  ,,
avisnxmanuelcuv@outlook.com  ,,
avisowcamilobbl@outlook.com  ,,
avisqkgandresijr@outlook.com  ,,
avisqtantoniopmv@outlook.com  ,,
avisrgmariaowh@outlook.com  ,,
avissuqkatherinwc@outlook.com  ,,
avistnmanueldd@outlook.com  ,,
avistwkmaricelmr@outlook.com  ,,
avisuyalanpcy@outlook.com  ,,
avisvctlillotkb@outlook.com  ,,
avisvdkellyai@outlook.com  ,,
avisvprmurielolt@outlook.com  ,,
avisvucamilobd@outlook.com  ,,
aviswgrmoralesym@outlook.com  ,,
avisxkmaricelzeq@outlook.com  ,,
avisygjacquelinehq@outlook.com  ,,
avisygmjoseuvn@outlook.com  ,,
avisziflorenciaxz@outlook.com  ,,
bellasbkandreshkg@outlook.com  ,,
bellasbvtflorenciaqsx@outlook.com  ,,
bellasbzdavidqwo@outlook.com  ,,
bellascjmlillols@outlook.com  ,,
bellascrolilloxna@outlook.com  ,,
bellascxdavidmyk@outlook.com  ,,
bellascyandresvz@outlook.com  ,,
bellasczwdamarisfve@outlook.com  ,,
bellasdbrlilloen@outlook.com  ,,
bellasdhmanueldl@outlook.com  ,,
bellasdwriosmmn@outlook.com  ,,
bellasdzlillozx@outlook.com  ,,
bellaseariosxim@outlook.com  ,,
bellaseikmanuelibv@outlook.com  ,,
bellaseoriosvx@outlook.com  ,,
bellaseszkatherinqu@outlook.com  ,,
bellasezkatiamaw@outlook.com  ,,
bellasftbkatiazi@outlook.com  ,,
bellasfyakatiablv@outlook.com  ,,
bellashfricardolen@outlook.com  ,,
bellasjgfranciscofo@outlook.com  ,,
bellasjmdastridmkw@outlook.com  ,,
bellasjrqmariaaor@outlook.com  ,,
bellaskchenriquejlf@outlook.com  ,,
bellaskchmaricelat@outlook.com  ,,
bellaskmsoniaihe@outlook.com  ,,
bellaskrdflorenciaug@outlook.com  ,,
bellasktsandraxl@outlook.com  ,,
bellaslhrenriquejz@outlook.com  ,,
bellasmkkatherinfzw@outlook.com  ,,
bellasmxefranciscobf@outlook.com  ,,
bellasogealiciace@outlook.com  ,,
bellasotmaricelkht@outlook.com  ,,
bellasppdavidin@outlook.com  ,,
bellasrjdlillobw@outlook.com  ,,
bellasrtlandreseej@outlook.com  ,,
bellasrvxdamarisofu@outlook.com  ,,
bellassoandresow@outlook.com  ,,
bellassxzantoniouok@outlook.com  ,,
bellasttefranciscomf@outlook.com  ,,
bellastymurielxh@outlook.com  ,,
bellasuhastridkw@outlook.com  ,,
bellasuonmanuelrx@outlook.com  ,,
bellasuxpmariakcw@outlook.com  ,,
bellasvfcarolinaeg@outlook.com  ,,
bellasvpaliciaqtw@outlook.com  ,,
bellasvzzjoseyv@outlook.com  ,,
bellaswqmanuelssf@outlook.com  ,,
bellasximariawb@outlook.com  ,,
bellaszykellyxrm@outlook.com  ,,
brunsonteriqn@outlook.com  ,,
camachootjewellz@outlook.com  ,,
chijioke.emmanjoku@gmail.com  ,,
cokerdesiraejr@outlook.com  ,,
coronelaraliciais@outlook.com  ,,
coronelavsoniaqi@outlook.com  ,,
coronelazfmanuelxie@outlook.com  ,,
coronelbhalanlo@outlook.com  ,,
coronelbqfranciscogd@outlook.com  ,,
coronelbvqcarolinaai@outlook.com  ,,
coronelcgkatiamb@outlook.com  ,,
coronelcqcastridkk@outlook.com  ,,
coronelcqwalanys@outlook.com  ,,
coroneldhcarolinabv@outlook.com  ,,
coroneldlajacquelinefa@outlook.com  ,,
coroneldlmluisyn@outlook.com  ,,
coronelefmaricelrin@outlook.com  ,,
coronelffjosetlb@outlook.com  ,,
coronelfldamariswk@outlook.com  ,,
coronelfmqlillojuk@outlook.com  ,,
coroneliaricardonvi@outlook.com  ,,
coronelijeastridyls@outlook.com  ,,
coroneljgkatiaqmx@outlook.com  ,,
coroneljokellygu@outlook.com  ,,
coronellhwdamarisuvm@outlook.com  ,,
coronellmesoniayu@outlook.com  ,,
coronelmboandresmmg@outlook.com  ,,
coronelmsfcamiloofm@outlook.com  ,,
coronelmvjoseeti@outlook.com  ,,
coronelnbmariaazv@outlook.com  ,,
coronelnofflorencialvm@outlook.com  ,,
coronelnrenriquegqy@outlook.com  ,,
coronelpgsandrawk@outlook.com  ,,
coronelpywcarolinajfr@outlook.com  ,,
coronelqkpmariayw@outlook.com  ,,
coronelqnjacquelinehz@outlook.com  ,,
coronelrghsandraxgi@outlook.com  ,,
coronelrjrflorenciaqho@outlook.com  ,,
coronelrscamiloyxp@outlook.com  ,,
coronelsxdavidmao@outlook.com  ,,
coroneltgluisvi@outlook.com  ,,
coroneltqbcamilojpm@outlook.com  ,,
coronelvgqsandrartf@outlook.com  ,,
coronelvhnandresimv@outlook.com  ,,
coronelwruriospge@outlook.com  ,,
coronelxdmaricelnrt@outlook.com  ,,
coronelxyfranciscohs@outlook.com  ,,
coronelzesoniaakb@outlook.com  ,,
coronelzldamarisug@outlook.com  ,,
danielayodele2011@gmail.com  ,,
dennisjunioreze@gmail.com  ,,
dominguezalhluistzc@outlook.com  ,,
dominguezbkmaricelxrp@outlook.com  ,,
dominguezbmyantoniodnw@outlook.com  ,,
dominguezclricardozm@outlook.com  ,,
dominguezczymanuelvc@outlook.com  ,,
dominguezdhzlillofq@outlook.com  ,,
dominguezdjdcarolinablv@outlook.com  ,,
dominguezdpfalanup@outlook.com  ,,
dominguezdvandresibe@outlook.com  ,,
dominguezekjoseeqb@outlook.com  ,,
dominguezflckatiaqnp@outlook.com  ,,
dominguezfnzantoniolp@outlook.com  ,,
dominguezfskcarolinajkt@outlook.com  ,,
dominguezgdlluisjm@outlook.com  ,,
dominguezgdtkatialwu@outlook.com  ,,
dominguezgjysoniamnv@outlook.com  ,,
dominguezhuefranciscongw@outlook.com  ,,
dominguezircenriquebu@outlook.com  ,,
dominguezjbalanvli@outlook.com,,
dominguezjqaenriqueqil@outlook.com,,
dominguezjqrioslt@outlook.com,,
dominguezkdantonionl@outlook.com,,
dominguezkyqluisowq@outlook.com  ,,
dominguezlajacquelineoi@outlook.com  ,,
dominguezlarmoralesog@outlook.com  ,,
dominguezmcdavidrvk@outlook.com  ,,
dominguezminalanlye@outlook.com  ,,
dominguezmrflorenciadn@outlook.com  ,,
dominguezmvqalandn@outlook.com  ,,
domingueznzmaricelsxy@outlook.com  ,,
dominguezocmoralesjqa@outlook.com  ,,
dominguezousandraco@outlook.com  ,,
dominguezoxmaricelrbo@outlook.com  ,,
dominguezozhjacquelinepob@outlook.com  ,,
dominguezpmmoralesnq@outlook.com  ,,
dominguezqcvsoniacj@outlook.com  ,,
dominguezqmialancz@outlook.com  ,,
dominguezswkatherinfr@outlook.com  ,,
dominguezusfmariceltd@outlook.com  ,,
dominguezvpjmaricelsai@outlook.com  ,,
dominguezvymandresewz@outlook.com  ,,
dominguezwocalanmuz@outlook.com  ,,
dominguezwrzmaricelije@outlook.com  ,,
dominguezxzluissk@outlook.com  ,,
dominguezytvcarolinaxgd@outlook.com  ,,
dominguezztdamarisyq@outlook.com  ,,
edwardpearlfa@outlook.com  ,,
ejimoforsammy@gmail.com,,
Richealdinma@gmail.com,,
